ticket_id,application,issue_type,priority,environment,component,summary,created_date,resolved_date,status,technology,version,region,issue_description,root_cause,solution,tags,service,dependency,estimated_resolution_time,business_impact,key_metric,root_cause_category
JIRA-1201,Enterprise J2EE Application,Bug,P2,Staging,Servlet Container,HTTP requests intermittently return 503 during traffic bursts,2026-09-04,2026-09-04,Closed,Java EE/Servlet Container,9.0,Global,HTTP requests intermittently return 503 during traffic bursts. Operational logs and application-server diagnostics confirmed the behavior.,The servlet executor reached its configured concurrency ceiling and queued requests exceeded the container timeout.,"Tune executor capacity using load-test data, configure bounded queues, and alert on thread saturation.",servlet;threads;503;capacity,web-tier,WebSphere,3 hr,Medium,Thread utilization,thread-pool saturation
JIRA-1202,Enterprise J2EE Application,Bug,P3,QA,EJB Timer,A scheduled reconciliation task starts several minutes late,2026-09-04,2026-09-04,Resolved,Java EE/EJB Timer,14,US,A scheduled reconciliation task starts several minutes late. The issue was reproduced under representative workload and isolated to the application-server integration layer.,The timer scheduler was configured with an incorrect misfire threshold after a server restart.,"Set an appropriate misfire policy, persist scheduler state, and monitor trigger delay.",ejb-timer;misfire;scheduler,scheduler-ejb,WebLogic,2 hr,Low,Trigger delay,misfire configuration
JIRA-1203,Enterprise J2EE Application,Bug,P2,Development,JPA/Hibernate,Concurrent updates produce optimistic locking failures for valid users,2026-09-04,2026-09-04,Resolved,Java EE/JPA/Hibernate,19c,CA,Concurrent updates produce optimistic locking failures for valid users. Operational logs and application-server diagnostics confirmed the behavior.,Two transactions update the same entity version concurrently without an application conflict strategy.,"Catch OptimisticLockException, reload the entity, and apply a bounded retry or user-visible conflict response.",jpa;hibernate;locking;concurrency,persistence,Oracle,4 hr,Medium,Optimistic lock rate,concurrent update
JIRA-1204,Enterprise J2EE Application,Incident,P1,Production,JMS,Message processing stops after the broker reports temporary unavailability,2026-09-04,2026-09-04,Closed,Java EE/JMS,9.3,EU,Message processing stops after the broker reports temporary unavailability. The issue was reproduced under representative workload and isolated to the application-server integration layer.,The JMS connection recovery policy does not recreate consumers after broker reconnection.,"Enable managed reconnection, recreate consumers safely, and monitor consumer registration state.",jms;reconnect;broker;recovery,messaging,IBM MQ,2 hr,High,Active consumer count,consumer recovery
JIRA-1205,Enterprise J2EE Application,Bug,P2,Staging,JNDI,Application starts but an integration lookup fails only in staging,2026-09-04,2026-09-04,Resolved,Java EE/JNDI,9.0,APAC,Application starts but an integration lookup fails only in staging. Operational logs and application-server diagnostics confirmed the behavior.,The staging JNDI binding uses a different resource name from the application deployment descriptor.,"Align JNDI names, externalize environment bindings, and validate mandatory resources during startup.",jndi;staging;configuration;integration,integration-ejb,WebSphere,2 hr,Medium,Lookup failure rate,resource binding mismatch
JIRA-1206,Enterprise J2EE Application,Incident,P1,Production,JTA,Long-running business operation fails at commit time,2026-09-04,2026-09-04,Resolved,Java EE/JTA,14,Global,Long-running business operation fails at commit time. The issue was reproduced under representative workload and isolated to the application-server integration layer.,The transaction exceeded the application server transaction timeout while waiting on a downstream operation.,"Remove remote calls from the transaction, split the workflow into smaller transactions, and tune timeouts from measured workload.",jta;timeout;transactions;latency,core-ejb,WebLogic,5 hr,High,Transaction duration,transaction timeout
JIRA-1207,Enterprise J2EE Application,Bug,P3,Development,JAX-RS,REST endpoint returns 500 instead of a documented validation error,2026-09-04,2026-09-04,Closed,Java EE/JAX-RS,27,US,REST endpoint returns 500 instead of a documented validation error. Operational logs and application-server diagnostics confirmed the behavior.,A Bean Validation exception is not mapped by the shared JAX-RS exception mapper.,Add a validation exception mapper returning the standard 400 response and contract-test invalid requests.,jax-rs;validation;rest;errors,api-tier,WildFly,2 hr,Low,HTTP 500 validation rate,missing exception mapping
JIRA-1208,Enterprise J2EE Application,Bug,P3,Production,JAX-WS,SOAP integration fails when partner response contains a new optional element,2026-09-04,2026-09-04,Resolved,Java EE/JAX-WS,14,CA,SOAP integration fails when partner response contains a new optional element. The issue was reproduced under representative workload and isolated to the application-server integration layer.,Generated JAXB classes were created from an older partner WSDL and reject the newer schema shape.,"Regenerate bindings from the supported WSDL, validate compatibility, and retain representative partner payload tests.",jax-ws;soap;jaxb;schema,integration-ejb,WebLogic,4 hr,Medium,SOAP error rate,stale schema binding
JIRA-1209,Enterprise J2EE Application,Bug,P1,Production,JDBC Pool,Application becomes slow while database CPU is normal,2026-09-04,2026-09-04,Resolved,Java EE/JDBC Pool,19c,EU,Application becomes slow while database CPU is normal. Operational logs and application-server diagnostics confirmed the behavior.,Most requests are waiting for JDBC connections because pool size is below measured concurrent demand.,"Right-size the pool, configure acquisition timeouts, and monitor active, idle, and waiting connections.",jdbc;pool;database;latency,persistence,Oracle,3 hr,High,Connection wait time,undersized JDBC pool
JIRA-1210,Enterprise J2EE Application,Incident,P1,Production,JVM,Application node repeatedly restarts after sustained traffic,2026-09-04,2026-09-04,Closed,Java EE/JVM,17,APAC,Application node repeatedly restarts after sustained traffic. The issue was reproduced under representative workload and isolated to the application-server integration layer.,Heap occupancy remains high because a request-scoped object graph is retained by a static collection.,"Remove the static retention path, verify object lifecycle, and use heap analysis in regression testing.",jvm;heap;oom;memory,platform,JDK 17,6 hr,High,Old-gen occupancy,object retention
JIRA-1211,Enterprise J2EE Application,Bug,P3,Development,JSP,One administrative page renders stale configuration text,2026-09-04,2026-09-04,Resolved,Java EE/JSP,9.0,Global,One administrative page renders stale configuration text. Operational logs and application-server diagnostics confirmed the behavior.,The JSP generated artifact was not invalidated on one cluster member after deployment.,Clear generated JSP artifacts during rollout and make deployment behavior identical across nodes.,jsp;cache;cluster;deployment,web-tier,WebSphere,2 hr,Low,Stale page rate,generated JSP cache
JIRA-1212,Enterprise J2EE Application,Bug,P2,Production,CDI,Application startup fails with an ambiguous dependency error,2026-09-04,2026-09-04,Resolved,Java EE/CDI,27,US,Application startup fails with an ambiguous dependency error. The issue was reproduced under representative workload and isolated to the application-server integration layer.,Two CDI beans expose the same interface without a qualifier and the injection point is ambiguous.,"Add explicit qualifiers, remove unused implementations, and add deployment-time CDI validation.",cdi;injection;startup;qualifier,web-tier,WildFly,3 hr,Medium,Startup failure rate,ambiguous injection
JIRA-1213,Enterprise J2EE Application,Bug,P1,Production,Servlet Security,Protected endpoint is accessible without the expected role,2026-09-04,2026-09-04,Closed,Java EE/Servlet Security,14,CA,Protected endpoint is accessible without the expected role. Operational logs and application-server diagnostics confirmed the behavior.,A URL pattern in web.xml does not match the deployed context path and bypasses the intended constraint.,Correct security-constraint URL mappings and add automated authorization tests for every protected endpoint.,security;servlet;web.xml;authorization,web-tier,WebLogic,4 hr,High,Unauthorized request count,security constraint mismatch
JIRA-1214,Enterprise J2EE Application,Bug,P3,QA,Quartz,Scheduled report runs twice after application failover,2026-09-04,2026-09-04,Resolved,Java EE/Quartz,16,EU,Scheduled report runs twice after application failover. The issue was reproduced under representative workload and isolated to the application-server integration layer.,Both cluster nodes believe they own the scheduler because clustered job-store configuration is incomplete.,"Use a shared clustered job store, enable scheduler clustering, and verify single execution during failover tests.",quartz;cluster;scheduler;failover,scheduler-ejb,PostgreSQL,4 hr,Medium,Duplicate job executions,scheduler clustering
JIRA-1215,Enterprise J2EE Application,Bug,P2,Development,Cache,Users see outdated account settings for several minutes,2026-09-04,2026-09-04,Resolved,Java EE/Cache,7.2,APAC,Users see outdated account settings for several minutes. Operational logs and application-server diagnostics confirmed the behavior.,Application cache TTL is longer than the business requirement and update operations do not evict affected keys.,Invalidate keys on successful updates and reduce TTL to the agreed consistency window.,cache;stale-data;redis;consistency,customer-ejb,Redis,3 hr,Medium,Stale-read duration,missing invalidation
JIRA-1216,Enterprise J2EE Application,Bug,P2,Production,REST Client,Partner API calls fail after periods of inactivity,2026-09-04,2026-09-04,Closed,Java EE/REST Client,v2,Global,Partner API calls fail after periods of inactivity. The issue was reproduced under representative workload and isolated to the application-server integration layer.,Pooled HTTP connections remain idle beyond the partner load balancer timeout and are reused after closure.,Evict idle connections before the partner timeout and configure connection validation.,http-client;idle;connection;integration,integration-ejb,Partner API,3 hr,Medium,Outbound reset rate,stale HTTP connection
JIRA-1217,Enterprise J2EE Application,Task,P4,Staging,Deployment,Cluster deployment can leave nodes on different application versions,2026-09-04,2026-09-04,Resolved,Java EE/Deployment,3.9,US,Cluster deployment can leave nodes on different application versions. Operational logs and application-server diagnostics confirmed the behavior.,Deployment verification checks node health but not deployed artifact identity.,Record application build version and checksum on each node and fail rollout if versions differ.,deployment;checksum;version;cluster,deployment-pipeline,Maven,5 hr,Low,Version consistency,missing artifact validation
JIRA-1218,Enterprise J2EE Application,Improvement,P4,QA,Logging,Operational logs cannot correlate a user request across EJB and JMS processing,2026-09-04,2026-09-04,Resolved,Java EE/Logging,9.3,CA,Operational logs cannot correlate a user request across EJB and JMS processing. The issue was reproduced under representative workload and isolated to the application-server integration layer.,Correlation ID exists at the HTTP layer but is not copied into asynchronous message metadata.,Propagate a non-sensitive correlation ID in JMS message properties and include it in MDC logging context.,logging;correlation;jms;mdc,observability,IBM MQ,5 hr,Low,Trace completeness,context propagation gap
JIRA-1219,Enterprise J2EE Application,Bug,P2,Development,Batch,Large nightly import stops after processing part of the file,2026-09-04,2026-09-04,Closed,Java EE/Batch,19c,EU,Large nightly import stops after processing part of the file. Operational logs and application-server diagnostics confirmed the behavior.,The batch job keeps the entire file and all managed JPA entities in memory until completion.,"Process chunks, flush and clear the persistence context, and persist checkpoints for restart.",batch;jpa;heap;checkpoint,batch-ejb,Oracle,5 hr,High,Batch completion rate,unbounded batch state
JIRA-1220,Enterprise J2EE Application,Improvement,P4,Production,Security,Certificate expiration is discovered only when an integration fails,2026-09-04,2026-09-04,Resolved,Java EE/Security,17,APAC,Certificate expiration is discovered only when an integration fails. The issue was reproduced under representative workload and isolated to the application-server integration layer.,JVM truststore certificates are not inventoried by the monitoring platform.,Export certificate expiry metadata and alert before configurable warning thresholds.,tls;truststore;certificate;monitoring,platform,JDK 17,4 hr,Low,Certificate warning lead time,missing certificate monitoring
JIRA-1221,Enterprise J2EE Application,Bug,P1,Production,Servlet Filter,API response contains inconsistent timestamps after a rolling restart,2026-09-04,2026-09-04,Closed,Java EE/Servlet Filter,9.0,CA,API response contains inconsistent timestamps after a rolling restart. The behavior was reproduced in the production environment using representative J2EE workload and application-server diagnostics.,Timestamp conversion occurs in more than one layer and uses different timezone assumptions. The deployment sequence left stale runtime metadata on one node.,"Persist UTC and perform timezone conversion only at the presentation boundary. Clear runtime metadata, restart the affected subsystem, and add post-deployment smoke tests.",api_response_contains_inconsistent_timestamps;servlet_filter;j2ee,servlet-filter,J2EE runtime / WebSphere,2 hr,High,incident occurrence rate,timezone inconsistency
JIRA-1222,Enterprise J2EE Application,Bug,P3,QA,EJB,Application startup is unexpectedly slow during peak concurrency,2026-09-04,2026-09-04,Resolved,Java EE/EJB,14,EU,Application startup is unexpectedly slow during peak concurrency. The behavior was reproduced in the qa environment using representative J2EE workload and application-server diagnostics.,Component scanning or classpath discovery includes unnecessary packages. A container resource limit was lower than the measured production concurrency.,Narrow scanning scope and remove unused libraries from the deployment archive. Tune the resource limit from load-test evidence and add saturation alerts.,application_startup_is_unexpectedly_slow;ejb;j2ee,ejb,J2EE runtime / WebLogic,3 hr,Low,incident occurrence rate,excessive classpath scanning
JIRA-1223,Enterprise J2EE Application,Improvement,P4,Development,JPA/Hibernate,Error response loses the original business error code after a configuration change,2026-09-04,2026-09-04,Resolved,Java EE/JPA/Hibernate,19c,APAC,Error response loses the original business error code after a configuration change. The behavior was reproduced in the development environment using representative J2EE workload and application-server diagnostics.,A generic exception handler replaces the domain error with a server error. An environment override was not propagated to all cluster members.,Preserve stable business error codes through the exception-mapping layer. Centralize the configuration source and validate effective configuration on every node.,error_response_loses_the_original_business_error_code;jpa-hibernate;j2ee,jpa/hibernate,J2EE runtime / Oracle,4 hr,Low,incident occurrence rate,lossy exception mapping
JIRA-1224,Enterprise J2EE Application,Bug,P2,Production,JMS Listener,Repeated retries create duplicate business events when a downstream service is slow,2026-09-04,2026-09-04,Resolved,Java EE/JMS Listener,16,Global,Repeated retries create duplicate business events when a downstream service is slow. The behavior was reproduced in the production environment using representative J2EE workload and application-server diagnostics.,The processing operation has no idempotency key or uniqueness constraint. The synchronous integration call has no bounded timeout.,"Add an idempotency key, enforce uniqueness in the database, and make retries safe. Add connect/read/overall timeouts and a controlled fallback or circuit breaker.",repeated_retries_create_duplicate_business_events;jms_listener;j2ee,jms-listener,J2EE runtime / PostgreSQL,5 hr,Medium,incident occurrence rate,missing idempotency
JIRA-1225,Enterprise J2EE Application,Bug,P3,Staging,JTA,Metrics show healthy service while users receive failures after database maintenance,2026-09-04,2026-09-04,Closed,Java EE/JTA,9.3,US,Metrics show healthy service while users receive failures after database maintenance. The behavior was reproduced in the staging environment using representative J2EE workload and application-server diagnostics.,Health check tests only the JVM process and not required application resources. The application reused pooled connections that were invalidated by the database.,Separate liveness from readiness and verify critical datasource/JMS dependencies in readiness. Enable connection validation and stale-connection eviction.,metrics_show_healthy_service_while_users_receive_failures;jta;j2ee,jta,J2EE runtime / IBM MQ,6 hr,Low,incident occurrence rate,incomplete readiness check
JIRA-1226,Enterprise J2EE Application,Bug,P2,QA,JAX-RS,Database query latency increases after a release with unusually large requests,2026-09-04,2026-09-04,Resolved,Java EE/JAX-RS,7.2,CA,Database query latency increases after a release with unusually large requests. The behavior was reproduced in the qa environment using representative J2EE workload and application-server diagnostics.,A new ORM query path prevents the database from using the expected index. The request path materializes the complete payload before validation and processing.,"Review execution plans, add or adjust indexes, and include query-plan regression checks. Enforce request-size limits and stream or chunk large payloads.",database_query_latency_increases_after_a_release;jax-rs;j2ee,jax-rs,J2EE runtime / Redis,7 hr,Medium,incident occurrence rate,query-plan regression
JIRA-1227,Enterprise J2EE Application,Bug,P3,Development,JAX-WS,Application logs contain duplicate entries after failover,2026-09-04,2026-09-04,Resolved,Java EE/JAX-WS,17,EU,Application logs contain duplicate entries after failover. The behavior was reproduced in the development environment using representative J2EE workload and application-server diagnostics.,Logging is configured both at the application and container root logger. Cluster ownership state was not persisted consistently between nodes.,Disable duplicate propagation and standardize logger hierarchy. Use shared durable cluster state and test failover/failback scenarios.,application_logs_contain_duplicate_entries;jax-ws;j2ee,jax-ws,J2EE runtime / JDK 17,8 hr,Low,incident occurrence rate,duplicate logger propagation
JIRA-1228,Enterprise J2EE Application,Improvement,P4,Production,JDBC Pool,User preferences revert after refresh when an exception occurs,2026-09-04,2026-09-04,Resolved,Java EE/JDBC Pool,9.0,APAC,User preferences revert after refresh when an exception occurs. The behavior was reproduced in the production environment using representative J2EE workload and application-server diagnostics.,A background synchronization process writes an older snapshot over the current record. A cleanup path is skipped when an unchecked exception exits the normal processing branch.,Use version checks and reject stale synchronization updates. Use container-managed resource cleanup and add exception-path integration tests.,user_preferences_revert_after_refresh;jdbc_pool;j2ee,jdbc-pool,J2EE runtime / WebSphere,2 hr,Low,incident occurrence rate,stale synchronization
JIRA-1229,Enterprise J2EE Application,Bug,P2,Staging,JVM,Remote EJB invocation fails for certain clients after a rolling restart,2026-09-04,2026-09-04,Closed,Java EE/JVM,14,Global,Remote EJB invocation fails for certain clients after a rolling restart. The behavior was reproduced in the staging environment using representative J2EE workload and application-server diagnostics.,The remote interface changed incompatibly without coordinating the client artifact. The deployment sequence left stale runtime metadata on one node.,"Version the remote contract and deploy compatible client/server interfaces. Clear runtime metadata, restart the affected subsystem, and add post-deployment smoke tests.",remote_ejb_invocation_fails_for_certain_clients;jvm;j2ee,jvm,J2EE runtime / WebLogic,3 hr,Medium,incident occurrence rate,remote contract incompatibility
JIRA-1230,Enterprise J2EE Application,Bug,P3,QA,JSP,File processing reports success despite rejected records during peak concurrency,2026-09-04,2026-09-04,Resolved,Java EE/JSP,19c,US,File processing reports success despite rejected records during peak concurrency. The behavior was reproduced in the qa environment using representative J2EE workload and application-server diagnostics.,The batch status is set before all record-level outcomes are committed. A container resource limit was lower than the measured production concurrency.,Use explicit partial-success states and persist record-level outcomes before final status. Tune the resource limit from load-test evidence and add saturation alerts.,file_processing_reports_success_despite_rejected_records;jsp;j2ee,jsp,J2EE runtime / Oracle,4 hr,Low,incident occurrence rate,premature batch completion
JIRA-1231,Enterprise J2EE Application,Bug,P2,Development,CDI,API response contains inconsistent timestamps after a configuration change,2026-09-04,2026-09-04,Resolved,Java EE/CDI,16,CA,API response contains inconsistent timestamps after a configuration change. The behavior was reproduced in the development environment using representative J2EE workload and application-server diagnostics.,Timestamp conversion occurs in more than one layer and uses different timezone assumptions. An environment override was not propagated to all cluster members.,Persist UTC and perform timezone conversion only at the presentation boundary. Centralize the configuration source and validate effective configuration on every node.,api_response_contains_inconsistent_timestamps;cdi;j2ee,cdi,J2EE runtime / PostgreSQL,5 hr,Medium,incident occurrence rate,timezone inconsistency
JIRA-1232,Enterprise J2EE Application,Bug,P3,Production,JNDI,Application startup is unexpectedly slow when a downstream service is slow,2026-09-04,2026-09-04,Resolved,Java EE/JNDI,9.3,EU,Application startup is unexpectedly slow when a downstream service is slow. The behavior was reproduced in the production environment using representative J2EE workload and application-server diagnostics.,Component scanning or classpath discovery includes unnecessary packages. The synchronous integration call has no bounded timeout.,Narrow scanning scope and remove unused libraries from the deployment archive. Add connect/read/overall timeouts and a controlled fallback or circuit breaker.,application_startup_is_unexpectedly_slow;jndi;j2ee,jndi,J2EE runtime / IBM MQ,6 hr,Low,incident occurrence rate,excessive classpath scanning
JIRA-1233,Enterprise J2EE Application,Improvement,P4,Staging,Quartz,Error response loses the original business error code after database maintenance,2026-09-04,2026-09-04,Closed,Java EE/Quartz,7.2,APAC,Error response loses the original business error code after database maintenance. The behavior was reproduced in the staging environment using representative J2EE workload and application-server diagnostics.,A generic exception handler replaces the domain error with a server error. The application reused pooled connections that were invalidated by the database.,Preserve stable business error codes through the exception-mapping layer. Enable connection validation and stale-connection eviction.,error_response_loses_the_original_business_error_code;quartz;j2ee,quartz,J2EE runtime / Redis,7 hr,Low,incident occurrence rate,lossy exception mapping
JIRA-1234,Enterprise J2EE Application,Bug,P2,QA,REST Client,Repeated retries create duplicate business events with unusually large requests,2026-09-04,2026-09-04,Resolved,Java EE/REST Client,17,Global,Repeated retries create duplicate business events with unusually large requests. The behavior was reproduced in the qa environment using representative J2EE workload and application-server diagnostics.,The processing operation has no idempotency key or uniqueness constraint. The request path materializes the complete payload before validation and processing.,"Add an idempotency key, enforce uniqueness in the database, and make retries safe. Enforce request-size limits and stream or chunk large payloads.",repeated_retries_create_duplicate_business_events;rest_client;j2ee,rest-client,J2EE runtime / JDK 17,8 hr,Medium,incident occurrence rate,missing idempotency
JIRA-1235,Enterprise J2EE Application,Bug,P3,Development,Security,Metrics show healthy service while users receive failures after failover,2026-09-04,2026-09-04,Resolved,Java EE/Security,9.0,US,Metrics show healthy service while users receive failures after failover. The behavior was reproduced in the development environment using representative J2EE workload and application-server diagnostics.,Health check tests only the JVM process and not required application resources. Cluster ownership state was not persisted consistently between nodes.,Separate liveness from readiness and verify critical datasource/JMS dependencies in readiness. Use shared durable cluster state and test failover/failback scenarios.,metrics_show_healthy_service_while_users_receive_failures;security;j2ee,security,J2EE runtime / WebSphere,2 hr,Low,incident occurrence rate,incomplete readiness check
JIRA-1236,Enterprise J2EE Application,Bug,P2,Production,Batch,Database query latency increases after a release when an exception occurs,2026-09-04,2026-09-04,Resolved,Java EE/Batch,14,CA,Database query latency increases after a release when an exception occurs. The behavior was reproduced in the production environment using representative J2EE workload and application-server diagnostics.,A new ORM query path prevents the database from using the expected index. A cleanup path is skipped when an unchecked exception exits the normal processing branch.,"Review execution plans, add or adjust indexes, and include query-plan regression checks. Use container-managed resource cleanup and add exception-path integration tests.",database_query_latency_increases_after_a_release;batch;j2ee,batch,J2EE runtime / WebLogic,3 hr,Medium,incident occurrence rate,query-plan regression
JIRA-1237,Enterprise J2EE Application,Bug,P3,Staging,Deployment,Application logs contain duplicate entries after a rolling restart,2026-09-04,2026-09-04,Closed,Java EE/Deployment,19c,EU,Application logs contain duplicate entries after a rolling restart. The behavior was reproduced in the staging environment using representative J2EE workload and application-server diagnostics.,Logging is configured both at the application and container root logger. The deployment sequence left stale runtime metadata on one node.,"Disable duplicate propagation and standardize logger hierarchy. Clear runtime metadata, restart the affected subsystem, and add post-deployment smoke tests.",application_logs_contain_duplicate_entries;deployment;j2ee,deployment,J2EE runtime / Oracle,4 hr,Low,incident occurrence rate,duplicate logger propagation
JIRA-1238,Enterprise J2EE Application,Bug,P1,Production,Logging,User preferences revert after refresh during peak concurrency,2026-09-04,2026-09-04,Resolved,Java EE/Logging,16,APAC,User preferences revert after refresh during peak concurrency. The behavior was reproduced in the production environment using representative J2EE workload and application-server diagnostics.,A background synchronization process writes an older snapshot over the current record. A container resource limit was lower than the measured production concurrency.,Use version checks and reject stale synchronization updates. Tune the resource limit from load-test evidence and add saturation alerts.,user_preferences_revert_after_refresh;logging;j2ee,logging,J2EE runtime / PostgreSQL,5 hr,High,incident occurrence rate,stale synchronization
JIRA-1239,Enterprise J2EE Application,Bug,P2,Development,Cache,Remote EJB invocation fails for certain clients after a configuration change,2026-09-04,2026-09-04,Resolved,Java EE/Cache,9.3,Global,Remote EJB invocation fails for certain clients after a configuration change. The behavior was reproduced in the development environment using representative J2EE workload and application-server diagnostics.,The remote interface changed incompatibly without coordinating the client artifact. An environment override was not propagated to all cluster members.,Version the remote contract and deploy compatible client/server interfaces. Centralize the configuration source and validate effective configuration on every node.,remote_ejb_invocation_fails_for_certain_clients;cache;j2ee,cache,J2EE runtime / IBM MQ,6 hr,Medium,incident occurrence rate,remote contract incompatibility
JIRA-1240,Enterprise J2EE Application,Bug,P3,Production,Classloader,File processing reports success despite rejected records when a downstream service is slow,2026-09-04,2026-09-04,Resolved,Java EE/Classloader,7.2,US,File processing reports success despite rejected records when a downstream service is slow. The behavior was reproduced in the production environment using representative J2EE workload and application-server diagnostics.,The batch status is set before all record-level outcomes are committed. The synchronous integration call has no bounded timeout.,Use explicit partial-success states and persist record-level outcomes before final status. Add connect/read/overall timeouts and a controlled fallback or circuit breaker.,file_processing_reports_success_despite_rejected_records;classloader;j2ee,classloader,J2EE runtime / Redis,7 hr,Low,incident occurrence rate,premature batch completion
JIRA-1241,Enterprise J2EE Application,Bug,P2,Staging,Servlet Filter,API response contains inconsistent timestamps after database maintenance,2026-09-04,2026-09-04,Closed,Java EE/Servlet Filter,17,CA,API response contains inconsistent timestamps after database maintenance. The behavior was reproduced in the staging environment using representative J2EE workload and application-server diagnostics.,Timestamp conversion occurs in more than one layer and uses different timezone assumptions. The application reused pooled connections that were invalidated by the database.,Persist UTC and perform timezone conversion only at the presentation boundary. Enable connection validation and stale-connection eviction.,api_response_contains_inconsistent_timestamps;servlet_filter;j2ee,servlet-filter,J2EE runtime / JDK 17,8 hr,Medium,incident occurrence rate,timezone inconsistency
JIRA-1242,Enterprise J2EE Application,Bug,P3,QA,EJB,Application startup is unexpectedly slow with unusually large requests,2026-09-04,2026-09-04,Resolved,Java EE/EJB,9.0,EU,Application startup is unexpectedly slow with unusually large requests. The behavior was reproduced in the qa environment using representative J2EE workload and application-server diagnostics.,Component scanning or classpath discovery includes unnecessary packages. The request path materializes the complete payload before validation and processing.,Narrow scanning scope and remove unused libraries from the deployment archive. Enforce request-size limits and stream or chunk large payloads.,application_startup_is_unexpectedly_slow;ejb;j2ee,ejb,J2EE runtime / WebSphere,2 hr,Low,incident occurrence rate,excessive classpath scanning
JIRA-1243,Enterprise J2EE Application,Improvement,P4,Development,JPA/Hibernate,Error response loses the original business error code after failover,2026-09-04,2026-09-04,Resolved,Java EE/JPA/Hibernate,14,APAC,Error response loses the original business error code after failover. The behavior was reproduced in the development environment using representative J2EE workload and application-server diagnostics.,A generic exception handler replaces the domain error with a server error. Cluster ownership state was not persisted consistently between nodes.,Preserve stable business error codes through the exception-mapping layer. Use shared durable cluster state and test failover/failback scenarios.,error_response_loses_the_original_business_error_code;jpa-hibernate;j2ee,jpa/hibernate,J2EE runtime / WebLogic,3 hr,Low,incident occurrence rate,lossy exception mapping
JIRA-1244,Enterprise J2EE Application,Bug,P2,Production,JMS Listener,Repeated retries create duplicate business events when an exception occurs,2026-09-04,2026-09-04,Resolved,Java EE/JMS Listener,19c,Global,Repeated retries create duplicate business events when an exception occurs. The behavior was reproduced in the production environment using representative J2EE workload and application-server diagnostics.,The processing operation has no idempotency key or uniqueness constraint. A cleanup path is skipped when an unchecked exception exits the normal processing branch.,"Add an idempotency key, enforce uniqueness in the database, and make retries safe. Use container-managed resource cleanup and add exception-path integration tests.",repeated_retries_create_duplicate_business_events;jms_listener;j2ee,jms-listener,J2EE runtime / Oracle,4 hr,Medium,incident occurrence rate,missing idempotency
JIRA-1245,Enterprise J2EE Application,Bug,P3,Staging,JTA,Metrics show healthy service while users receive failures after a rolling restart,2026-09-04,2026-09-04,Closed,Java EE/JTA,16,US,Metrics show healthy service while users receive failures after a rolling restart. The behavior was reproduced in the staging environment using representative J2EE workload and application-server diagnostics.,Health check tests only the JVM process and not required application resources. The deployment sequence left stale runtime metadata on one node.,"Separate liveness from readiness and verify critical datasource/JMS dependencies in readiness. Clear runtime metadata, restart the affected subsystem, and add post-deployment smoke tests.",metrics_show_healthy_service_while_users_receive_failures;jta;j2ee,jta,J2EE runtime / PostgreSQL,5 hr,Low,incident occurrence rate,incomplete readiness check
JIRA-1246,Enterprise J2EE Application,Bug,P2,QA,JAX-RS,Database query latency increases after a release during peak concurrency,2026-09-04,2026-09-04,Resolved,Java EE/JAX-RS,9.3,CA,Database query latency increases after a release during peak concurrency. The behavior was reproduced in the qa environment using representative J2EE workload and application-server diagnostics.,A new ORM query path prevents the database from using the expected index. A container resource limit was lower than the measured production concurrency.,"Review execution plans, add or adjust indexes, and include query-plan regression checks. Tune the resource limit from load-test evidence and add saturation alerts.",database_query_latency_increases_after_a_release;jax-rs;j2ee,jax-rs,J2EE runtime / IBM MQ,6 hr,Medium,incident occurrence rate,query-plan regression
JIRA-1247,Enterprise J2EE Application,Bug,P3,Development,JAX-WS,Application logs contain duplicate entries after a configuration change,2026-09-04,2026-09-04,Resolved,Java EE/JAX-WS,7.2,EU,Application logs contain duplicate entries after a configuration change. The behavior was reproduced in the development environment using representative J2EE workload and application-server diagnostics.,Logging is configured both at the application and container root logger. An environment override was not propagated to all cluster members.,Disable duplicate propagation and standardize logger hierarchy. Centralize the configuration source and validate effective configuration on every node.,application_logs_contain_duplicate_entries;jax-ws;j2ee,jax-ws,J2EE runtime / Redis,7 hr,Low,incident occurrence rate,duplicate logger propagation
JIRA-1248,Enterprise J2EE Application,Improvement,P4,Production,JDBC Pool,User preferences revert after refresh when a downstream service is slow,2026-09-04,2026-09-04,Resolved,Java EE/JDBC Pool,17,APAC,User preferences revert after refresh when a downstream service is slow. The behavior was reproduced in the production environment using representative J2EE workload and application-server diagnostics.,A background synchronization process writes an older snapshot over the current record. The synchronous integration call has no bounded timeout.,Use version checks and reject stale synchronization updates. Add connect/read/overall timeouts and a controlled fallback or circuit breaker.,user_preferences_revert_after_refresh;jdbc_pool;j2ee,jdbc-pool,J2EE runtime / JDK 17,8 hr,Low,incident occurrence rate,stale synchronization
JIRA-1249,Enterprise J2EE Application,Bug,P2,Staging,JVM,Remote EJB invocation fails for certain clients after database maintenance,2026-09-04,2026-09-04,Closed,Java EE/JVM,9.0,Global,Remote EJB invocation fails for certain clients after database maintenance. The behavior was reproduced in the staging environment using representative J2EE workload and application-server diagnostics.,The remote interface changed incompatibly without coordinating the client artifact. The application reused pooled connections that were invalidated by the database.,Version the remote contract and deploy compatible client/server interfaces. Enable connection validation and stale-connection eviction.,remote_ejb_invocation_fails_for_certain_clients;jvm;j2ee,jvm,J2EE runtime / WebSphere,2 hr,Medium,incident occurrence rate,remote contract incompatibility
JIRA-1250,Enterprise J2EE Application,Bug,P3,QA,JSP,File processing reports success despite rejected records with unusually large requests,2026-09-04,2026-09-04,Resolved,Java EE/JSP,14,US,File processing reports success despite rejected records with unusually large requests. The behavior was reproduced in the qa environment using representative J2EE workload and application-server diagnostics.,The batch status is set before all record-level outcomes are committed. The request path materializes the complete payload before validation and processing.,Use explicit partial-success states and persist record-level outcomes before final status. Enforce request-size limits and stream or chunk large payloads.,file_processing_reports_success_despite_rejected_records;jsp;j2ee,jsp,J2EE runtime / WebLogic,3 hr,Low,incident occurrence rate,premature batch completion
JIRA-1251,Enterprise J2EE Application,Bug,P2,Development,CDI,API response contains inconsistent timestamps after failover,2026-09-04,2026-09-04,Resolved,Java EE/CDI,19c,CA,API response contains inconsistent timestamps after failover. The behavior was reproduced in the development environment using representative J2EE workload and application-server diagnostics.,Timestamp conversion occurs in more than one layer and uses different timezone assumptions. Cluster ownership state was not persisted consistently between nodes.,Persist UTC and perform timezone conversion only at the presentation boundary. Use shared durable cluster state and test failover/failback scenarios.,api_response_contains_inconsistent_timestamps;cdi;j2ee,cdi,J2EE runtime / Oracle,4 hr,Medium,incident occurrence rate,timezone inconsistency
JIRA-1252,Enterprise J2EE Application,Bug,P3,Production,JNDI,Application startup is unexpectedly slow when an exception occurs,2026-09-04,2026-09-04,Resolved,Java EE/JNDI,16,EU,Application startup is unexpectedly slow when an exception occurs. The behavior was reproduced in the production environment using representative J2EE workload and application-server diagnostics.,Component scanning or classpath discovery includes unnecessary packages. A cleanup path is skipped when an unchecked exception exits the normal processing branch.,Narrow scanning scope and remove unused libraries from the deployment archive. Use container-managed resource cleanup and add exception-path integration tests.,application_startup_is_unexpectedly_slow;jndi;j2ee,jndi,J2EE runtime / PostgreSQL,5 hr,Low,incident occurrence rate,excessive classpath scanning
JIRA-1253,Enterprise J2EE Application,Improvement,P4,Staging,Quartz,Error response loses the original business error code after a rolling restart,2026-09-04,2026-09-04,Closed,Java EE/Quartz,9.3,APAC,Error response loses the original business error code after a rolling restart. The behavior was reproduced in the staging environment using representative J2EE workload and application-server diagnostics.,A generic exception handler replaces the domain error with a server error. The deployment sequence left stale runtime metadata on one node.,"Preserve stable business error codes through the exception-mapping layer. Clear runtime metadata, restart the affected subsystem, and add post-deployment smoke tests.",error_response_loses_the_original_business_error_code;quartz;j2ee,quartz,J2EE runtime / IBM MQ,6 hr,Low,incident occurrence rate,lossy exception mapping
JIRA-1254,Enterprise J2EE Application,Bug,P2,QA,REST Client,Repeated retries create duplicate business events during peak concurrency,2026-09-04,2026-09-04,Resolved,Java EE/REST Client,7.2,Global,Repeated retries create duplicate business events during peak concurrency. The behavior was reproduced in the qa environment using representative J2EE workload and application-server diagnostics.,The processing operation has no idempotency key or uniqueness constraint. A container resource limit was lower than the measured production concurrency.,"Add an idempotency key, enforce uniqueness in the database, and make retries safe. Tune the resource limit from load-test evidence and add saturation alerts.",repeated_retries_create_duplicate_business_events;rest_client;j2ee,rest-client,J2EE runtime / Redis,7 hr,Medium,incident occurrence rate,missing idempotency
JIRA-1255,Enterprise J2EE Application,Bug,P1,Production,Security,Metrics show healthy service while users receive failures after a configuration change,2026-09-04,2026-09-04,Resolved,Java EE/Security,17,US,Metrics show healthy service while users receive failures after a configuration change. The behavior was reproduced in the production environment using representative J2EE workload and application-server diagnostics.,Health check tests only the JVM process and not required application resources. An environment override was not propagated to all cluster members.,Separate liveness from readiness and verify critical datasource/JMS dependencies in readiness. Centralize the configuration source and validate effective configuration on every node.,metrics_show_healthy_service_while_users_receive_failures;security;j2ee,security,J2EE runtime / JDK 17,8 hr,High,incident occurrence rate,incomplete readiness check
JIRA-1256,Enterprise J2EE Application,Bug,P2,Production,Batch,Database query latency increases after a release when a downstream service is slow,2026-09-04,2026-09-04,Resolved,Java EE/Batch,9.0,CA,Database query latency increases after a release when a downstream service is slow. The behavior was reproduced in the production environment using representative J2EE workload and application-server diagnostics.,A new ORM query path prevents the database from using the expected index. The synchronous integration call has no bounded timeout.,"Review execution plans, add or adjust indexes, and include query-plan regression checks. Add connect/read/overall timeouts and a controlled fallback or circuit breaker.",database_query_latency_increases_after_a_release;batch;j2ee,batch,J2EE runtime / WebSphere,2 hr,Medium,incident occurrence rate,query-plan regression
JIRA-1257,Enterprise J2EE Application,Bug,P3,Staging,Deployment,Application logs contain duplicate entries after database maintenance,2026-09-04,2026-09-04,Closed,Java EE/Deployment,14,EU,Application logs contain duplicate entries after database maintenance. The behavior was reproduced in the staging environment using representative J2EE workload and application-server diagnostics.,Logging is configured both at the application and container root logger. The application reused pooled connections that were invalidated by the database.,Disable duplicate propagation and standardize logger hierarchy. Enable connection validation and stale-connection eviction.,application_logs_contain_duplicate_entries;deployment;j2ee,deployment,J2EE runtime / WebLogic,3 hr,Low,incident occurrence rate,duplicate logger propagation
JIRA-1258,Enterprise J2EE Application,Improvement,P4,QA,Logging,User preferences revert after refresh with unusually large requests,2026-09-04,2026-09-04,Resolved,Java EE/Logging,19c,APAC,User preferences revert after refresh with unusually large requests. The behavior was reproduced in the qa environment using representative J2EE workload and application-server diagnostics.,A background synchronization process writes an older snapshot over the current record. The request path materializes the complete payload before validation and processing.,Use version checks and reject stale synchronization updates. Enforce request-size limits and stream or chunk large payloads.,user_preferences_revert_after_refresh;logging;j2ee,logging,J2EE runtime / Oracle,4 hr,Low,incident occurrence rate,stale synchronization
JIRA-1259,Enterprise J2EE Application,Bug,P2,Development,Cache,Remote EJB invocation fails for certain clients after failover,2026-09-04,2026-09-04,Resolved,Java EE/Cache,16,Global,Remote EJB invocation fails for certain clients after failover. The behavior was reproduced in the development environment using representative J2EE workload and application-server diagnostics.,The remote interface changed incompatibly without coordinating the client artifact. Cluster ownership state was not persisted consistently between nodes.,Version the remote contract and deploy compatible client/server interfaces. Use shared durable cluster state and test failover/failback scenarios.,remote_ejb_invocation_fails_for_certain_clients;cache;j2ee,cache,J2EE runtime / PostgreSQL,5 hr,Medium,incident occurrence rate,remote contract incompatibility
JIRA-1260,Enterprise J2EE Application,Bug,P3,Production,Classloader,File processing reports success despite rejected records when an exception occurs,2026-09-04,2026-09-04,Resolved,Java EE/Classloader,9.3,US,File processing reports success despite rejected records when an exception occurs. The behavior was reproduced in the production environment using representative J2EE workload and application-server diagnostics.,The batch status is set before all record-level outcomes are committed. A cleanup path is skipped when an unchecked exception exits the normal processing branch.,Use explicit partial-success states and persist record-level outcomes before final status. Use container-managed resource cleanup and add exception-path integration tests.,file_processing_reports_success_despite_rejected_records;classloader;j2ee,classloader,J2EE runtime / IBM MQ,6 hr,Low,incident occurrence rate,premature batch completion
JIRA-1261,Enterprise J2EE Application,Bug,P2,Staging,Servlet Filter,API response contains inconsistent timestamps after a rolling restart,2026-09-04,2026-09-04,Closed,Java EE/Servlet Filter,7.2,CA,API response contains inconsistent timestamps after a rolling restart. The behavior was reproduced in the staging environment using representative J2EE workload and application-server diagnostics.,Timestamp conversion occurs in more than one layer and uses different timezone assumptions. The deployment sequence left stale runtime metadata on one node.,"Persist UTC and perform timezone conversion only at the presentation boundary. Clear runtime metadata, restart the affected subsystem, and add post-deployment smoke tests.",api_response_contains_inconsistent_timestamps;servlet_filter;j2ee,servlet-filter,J2EE runtime / Redis,7 hr,Medium,incident occurrence rate,timezone inconsistency
JIRA-1262,Enterprise J2EE Application,Bug,P3,QA,EJB,Application startup is unexpectedly slow during peak concurrency,2026-09-04,2026-09-04,Resolved,Java EE/EJB,17,EU,Application startup is unexpectedly slow during peak concurrency. The behavior was reproduced in the qa environment using representative J2EE workload and application-server diagnostics.,Component scanning or classpath discovery includes unnecessary packages. A container resource limit was lower than the measured production concurrency.,Narrow scanning scope and remove unused libraries from the deployment archive. Tune the resource limit from load-test evidence and add saturation alerts.,application_startup_is_unexpectedly_slow;ejb;j2ee,ejb,J2EE runtime / JDK 17,8 hr,Low,incident occurrence rate,excessive classpath scanning
JIRA-1263,Enterprise J2EE Application,Improvement,P4,Development,JPA/Hibernate,Error response loses the original business error code after a configuration change,2026-09-04,2026-09-04,Resolved,Java EE/JPA/Hibernate,9.0,APAC,Error response loses the original business error code after a configuration change. The behavior was reproduced in the development environment using representative J2EE workload and application-server diagnostics.,A generic exception handler replaces the domain error with a server error. An environment override was not propagated to all cluster members.,Preserve stable business error codes through the exception-mapping layer. Centralize the configuration source and validate effective configuration on every node.,error_response_loses_the_original_business_error_code;jpa-hibernate;j2ee,jpa/hibernate,J2EE runtime / WebSphere,2 hr,Low,incident occurrence rate,lossy exception mapping
JIRA-1264,Enterprise J2EE Application,Bug,P2,Production,JMS Listener,Repeated retries create duplicate business events when a downstream service is slow,2026-09-04,2026-09-04,Resolved,Java EE/JMS Listener,14,Global,Repeated retries create duplicate business events when a downstream service is slow. The behavior was reproduced in the production environment using representative J2EE workload and application-server diagnostics.,The processing operation has no idempotency key or uniqueness constraint. The synchronous integration call has no bounded timeout.,"Add an idempotency key, enforce uniqueness in the database, and make retries safe. Add connect/read/overall timeouts and a controlled fallback or circuit breaker.",repeated_retries_create_duplicate_business_events;jms_listener;j2ee,jms-listener,J2EE runtime / WebLogic,3 hr,Medium,incident occurrence rate,missing idempotency
JIRA-1265,Enterprise J2EE Application,Bug,P3,Staging,JTA,Metrics show healthy service while users receive failures after database maintenance,2026-09-04,2026-09-04,Closed,Java EE/JTA,19c,US,Metrics show healthy service while users receive failures after database maintenance. The behavior was reproduced in the staging environment using representative J2EE workload and application-server diagnostics.,Health check tests only the JVM process and not required application resources. The application reused pooled connections that were invalidated by the database.,Separate liveness from readiness and verify critical datasource/JMS dependencies in readiness. Enable connection validation and stale-connection eviction.,metrics_show_healthy_service_while_users_receive_failures;jta;j2ee,jta,J2EE runtime / Oracle,4 hr,Low,incident occurrence rate,incomplete readiness check
JIRA-1266,Enterprise J2EE Application,Bug,P2,QA,JAX-RS,Database query latency increases after a release with unusually large requests,2026-09-04,2026-09-04,Resolved,Java EE/JAX-RS,16,CA,Database query latency increases after a release with unusually large requests. The behavior was reproduced in the qa environment using representative J2EE workload and application-server diagnostics.,A new ORM query path prevents the database from using the expected index. The request path materializes the complete payload before validation and processing.,"Review execution plans, add or adjust indexes, and include query-plan regression checks. Enforce request-size limits and stream or chunk large payloads.",database_query_latency_increases_after_a_release;jax-rs;j2ee,jax-rs,J2EE runtime / PostgreSQL,5 hr,Medium,incident occurrence rate,query-plan regression
JIRA-1267,Enterprise J2EE Application,Bug,P3,Development,JAX-WS,Application logs contain duplicate entries after failover,2026-09-04,2026-09-04,Resolved,Java EE/JAX-WS,9.3,EU,Application logs contain duplicate entries after failover. The behavior was reproduced in the development environment using representative J2EE workload and application-server diagnostics.,Logging is configured both at the application and container root logger. Cluster ownership state was not persisted consistently between nodes.,Disable duplicate propagation and standardize logger hierarchy. Use shared durable cluster state and test failover/failback scenarios.,application_logs_contain_duplicate_entries;jax-ws;j2ee,jax-ws,J2EE runtime / IBM MQ,6 hr,Low,incident occurrence rate,duplicate logger propagation
JIRA-1268,Enterprise J2EE Application,Improvement,P4,Production,JDBC Pool,User preferences revert after refresh when an exception occurs,2026-09-04,2026-09-04,Resolved,Java EE/JDBC Pool,7.2,APAC,User preferences revert after refresh when an exception occurs. The behavior was reproduced in the production environment using representative J2EE workload and application-server diagnostics.,A background synchronization process writes an older snapshot over the current record. A cleanup path is skipped when an unchecked exception exits the normal processing branch.,Use version checks and reject stale synchronization updates. Use container-managed resource cleanup and add exception-path integration tests.,user_preferences_revert_after_refresh;jdbc_pool;j2ee,jdbc-pool,J2EE runtime / Redis,7 hr,Low,incident occurrence rate,stale synchronization
JIRA-1269,Enterprise J2EE Application,Bug,P2,Staging,JVM,Remote EJB invocation fails for certain clients after a rolling restart,2026-09-04,2026-09-04,Closed,Java EE/JVM,17,Global,Remote EJB invocation fails for certain clients after a rolling restart. The behavior was reproduced in the staging environment using representative J2EE workload and application-server diagnostics.,The remote interface changed incompatibly without coordinating the client artifact. The deployment sequence left stale runtime metadata on one node.,"Version the remote contract and deploy compatible client/server interfaces. Clear runtime metadata, restart the affected subsystem, and add post-deployment smoke tests.",remote_ejb_invocation_fails_for_certain_clients;jvm;j2ee,jvm,J2EE runtime / JDK 17,8 hr,Medium,incident occurrence rate,remote contract incompatibility
JIRA-1270,Enterprise J2EE Application,Bug,P3,QA,JSP,File processing reports success despite rejected records during peak concurrency,2026-09-04,2026-09-04,Resolved,Java EE/JSP,9.0,US,File processing reports success despite rejected records during peak concurrency. The behavior was reproduced in the qa environment using representative J2EE workload and application-server diagnostics.,The batch status is set before all record-level outcomes are committed. A container resource limit was lower than the measured production concurrency.,Use explicit partial-success states and persist record-level outcomes before final status. Tune the resource limit from load-test evidence and add saturation alerts.,file_processing_reports_success_despite_rejected_records;jsp;j2ee,jsp,J2EE runtime / WebSphere,2 hr,Low,incident occurrence rate,premature batch completion
JIRA-1271,Enterprise J2EE Application,Bug,P2,Development,CDI,API response contains inconsistent timestamps after a configuration change,2026-09-04,2026-09-04,Resolved,Java EE/CDI,14,CA,API response contains inconsistent timestamps after a configuration change. The behavior was reproduced in the development environment using representative J2EE workload and application-server diagnostics.,Timestamp conversion occurs in more than one layer and uses different timezone assumptions. An environment override was not propagated to all cluster members.,Persist UTC and perform timezone conversion only at the presentation boundary. Centralize the configuration source and validate effective configuration on every node.,api_response_contains_inconsistent_timestamps;cdi;j2ee,cdi,J2EE runtime / WebLogic,3 hr,Medium,incident occurrence rate,timezone inconsistency
JIRA-1272,Enterprise J2EE Application,Bug,P1,Production,JNDI,Application startup is unexpectedly slow when a downstream service is slow,2026-09-04,2026-09-04,Resolved,Java EE/JNDI,19c,EU,Application startup is unexpectedly slow when a downstream service is slow. The behavior was reproduced in the production environment using representative J2EE workload and application-server diagnostics.,Component scanning or classpath discovery includes unnecessary packages. The synchronous integration call has no bounded timeout.,Narrow scanning scope and remove unused libraries from the deployment archive. Add connect/read/overall timeouts and a controlled fallback or circuit breaker.,application_startup_is_unexpectedly_slow;jndi;j2ee,jndi,J2EE runtime / Oracle,4 hr,High,incident occurrence rate,excessive classpath scanning
JIRA-1273,Enterprise J2EE Application,Improvement,P4,Staging,Quartz,Error response loses the original business error code after database maintenance,2026-09-04,2026-09-04,Closed,Java EE/Quartz,16,APAC,Error response loses the original business error code after database maintenance. The behavior was reproduced in the staging environment using representative J2EE workload and application-server diagnostics.,A generic exception handler replaces the domain error with a server error. The application reused pooled connections that were invalidated by the database.,Preserve stable business error codes through the exception-mapping layer. Enable connection validation and stale-connection eviction.,error_response_loses_the_original_business_error_code;quartz;j2ee,quartz,J2EE runtime / PostgreSQL,5 hr,Low,incident occurrence rate,lossy exception mapping
JIRA-1274,Enterprise J2EE Application,Bug,P2,QA,REST Client,Repeated retries create duplicate business events with unusually large requests,2026-09-04,2026-09-04,Resolved,Java EE/REST Client,9.3,Global,Repeated retries create duplicate business events with unusually large requests. The behavior was reproduced in the qa environment using representative J2EE workload and application-server diagnostics.,The processing operation has no idempotency key or uniqueness constraint. The request path materializes the complete payload before validation and processing.,"Add an idempotency key, enforce uniqueness in the database, and make retries safe. Enforce request-size limits and stream or chunk large payloads.",repeated_retries_create_duplicate_business_events;rest_client;j2ee,rest-client,J2EE runtime / IBM MQ,6 hr,Medium,incident occurrence rate,missing idempotency
JIRA-1275,Enterprise J2EE Application,Bug,P3,Development,Security,Metrics show healthy service while users receive failures after failover,2026-09-04,2026-09-04,Resolved,Java EE/Security,7.2,US,Metrics show healthy service while users receive failures after failover. The behavior was reproduced in the development environment using representative J2EE workload and application-server diagnostics.,Health check tests only the JVM process and not required application resources. Cluster ownership state was not persisted consistently between nodes.,Separate liveness from readiness and verify critical datasource/JMS dependencies in readiness. Use shared durable cluster state and test failover/failback scenarios.,metrics_show_healthy_service_while_users_receive_failures;security;j2ee,security,J2EE runtime / Redis,7 hr,Low,incident occurrence rate,incomplete readiness check
JIRA-1276,Enterprise J2EE Application,Bug,P2,Production,Batch,Database query latency increases after a release when an exception occurs,2026-09-04,2026-09-04,Resolved,Java EE/Batch,17,CA,Database query latency increases after a release when an exception occurs. The behavior was reproduced in the production environment using representative J2EE workload and application-server diagnostics.,A new ORM query path prevents the database from using the expected index. A cleanup path is skipped when an unchecked exception exits the normal processing branch.,"Review execution plans, add or adjust indexes, and include query-plan regression checks. Use container-managed resource cleanup and add exception-path integration tests.",database_query_latency_increases_after_a_release;batch;j2ee,batch,J2EE runtime / JDK 17,8 hr,Medium,incident occurrence rate,query-plan regression
JIRA-1277,Enterprise J2EE Application,Bug,P3,Staging,Deployment,Application logs contain duplicate entries after a rolling restart,2026-09-04,2026-09-04,Closed,Java EE/Deployment,9.0,EU,Application logs contain duplicate entries after a rolling restart. The behavior was reproduced in the staging environment using representative J2EE workload and application-server diagnostics.,Logging is configured both at the application and container root logger. The deployment sequence left stale runtime metadata on one node.,"Disable duplicate propagation and standardize logger hierarchy. Clear runtime metadata, restart the affected subsystem, and add post-deployment smoke tests.",application_logs_contain_duplicate_entries;deployment;j2ee,deployment,J2EE runtime / WebSphere,2 hr,Low,incident occurrence rate,duplicate logger propagation
JIRA-1278,Enterprise J2EE Application,Improvement,P4,QA,Logging,User preferences revert after refresh during peak concurrency,2026-09-04,2026-09-04,Resolved,Java EE/Logging,14,APAC,User preferences revert after refresh during peak concurrency. The behavior was reproduced in the qa environment using representative J2EE workload and application-server diagnostics.,A background synchronization process writes an older snapshot over the current record. A container resource limit was lower than the measured production concurrency.,Use version checks and reject stale synchronization updates. Tune the resource limit from load-test evidence and add saturation alerts.,user_preferences_revert_after_refresh;logging;j2ee,logging,J2EE runtime / WebLogic,3 hr,Low,incident occurrence rate,stale synchronization
JIRA-1279,Enterprise J2EE Application,Bug,P2,Development,Cache,Remote EJB invocation fails for certain clients after a configuration change,2026-09-04,2026-09-04,Resolved,Java EE/Cache,19c,Global,Remote EJB invocation fails for certain clients after a configuration change. The behavior was reproduced in the development environment using representative J2EE workload and application-server diagnostics.,The remote interface changed incompatibly without coordinating the client artifact. An environment override was not propagated to all cluster members.,Version the remote contract and deploy compatible client/server interfaces. Centralize the configuration source and validate effective configuration on every node.,remote_ejb_invocation_fails_for_certain_clients;cache;j2ee,cache,J2EE runtime / Oracle,4 hr,Medium,incident occurrence rate,remote contract incompatibility
JIRA-1280,Enterprise J2EE Application,Bug,P3,Production,Classloader,File processing reports success despite rejected records when a downstream service is slow,2026-09-04,2026-09-04,Resolved,Java EE/Classloader,16,US,File processing reports success despite rejected records when a downstream service is slow. The behavior was reproduced in the production environment using representative J2EE workload and application-server diagnostics.,The batch status is set before all record-level outcomes are committed. The synchronous integration call has no bounded timeout.,Use explicit partial-success states and persist record-level outcomes before final status. Add connect/read/overall timeouts and a controlled fallback or circuit breaker.,file_processing_reports_success_despite_rejected_records;classloader;j2ee,classloader,J2EE runtime / PostgreSQL,5 hr,Low,incident occurrence rate,premature batch completion
JIRA-1281,Enterprise J2EE Application,Bug,P2,Staging,Servlet Filter,API response contains inconsistent timestamps after database maintenance,2026-09-04,2026-09-04,Closed,Java EE/Servlet Filter,9.3,CA,API response contains inconsistent timestamps after database maintenance. The behavior was reproduced in the staging environment using representative J2EE workload and application-server diagnostics.,Timestamp conversion occurs in more than one layer and uses different timezone assumptions. The application reused pooled connections that were invalidated by the database.,Persist UTC and perform timezone conversion only at the presentation boundary. Enable connection validation and stale-connection eviction.,api_response_contains_inconsistent_timestamps;servlet_filter;j2ee,servlet-filter,J2EE runtime / IBM MQ,6 hr,Medium,incident occurrence rate,timezone inconsistency
JIRA-1282,Enterprise J2EE Application,Bug,P3,QA,EJB,Application startup is unexpectedly slow with unusually large requests,2026-09-04,2026-09-04,Resolved,Java EE/EJB,7.2,EU,Application startup is unexpectedly slow with unusually large requests. The behavior was reproduced in the qa environment using representative J2EE workload and application-server diagnostics.,Component scanning or classpath discovery includes unnecessary packages. The request path materializes the complete payload before validation and processing.,Narrow scanning scope and remove unused libraries from the deployment archive. Enforce request-size limits and stream or chunk large payloads.,application_startup_is_unexpectedly_slow;ejb;j2ee,ejb,J2EE runtime / Redis,7 hr,Low,incident occurrence rate,excessive classpath scanning
JIRA-1283,Enterprise J2EE Application,Improvement,P4,Development,JPA/Hibernate,Error response loses the original business error code after failover,2026-09-04,2026-09-04,Resolved,Java EE/JPA/Hibernate,17,APAC,Error response loses the original business error code after failover. The behavior was reproduced in the development environment using representative J2EE workload and application-server diagnostics.,A generic exception handler replaces the domain error with a server error. Cluster ownership state was not persisted consistently between nodes.,Preserve stable business error codes through the exception-mapping layer. Use shared durable cluster state and test failover/failback scenarios.,error_response_loses_the_original_business_error_code;jpa-hibernate;j2ee,jpa/hibernate,J2EE runtime / JDK 17,8 hr,Low,incident occurrence rate,lossy exception mapping
JIRA-1284,Enterprise J2EE Application,Bug,P2,Production,JMS Listener,Repeated retries create duplicate business events when an exception occurs,2026-09-04,2026-09-04,Resolved,Java EE/JMS Listener,9.0,Global,Repeated retries create duplicate business events when an exception occurs. The behavior was reproduced in the production environment using representative J2EE workload and application-server diagnostics.,The processing operation has no idempotency key or uniqueness constraint. A cleanup path is skipped when an unchecked exception exits the normal processing branch.,"Add an idempotency key, enforce uniqueness in the database, and make retries safe. Use container-managed resource cleanup and add exception-path integration tests.",repeated_retries_create_duplicate_business_events;jms_listener;j2ee,jms-listener,J2EE runtime / WebSphere,2 hr,Medium,incident occurrence rate,missing idempotency
JIRA-1285,Enterprise J2EE Application,Bug,P3,Staging,JTA,Metrics show healthy service while users receive failures after a rolling restart,2026-09-04,2026-09-04,Closed,Java EE/JTA,14,US,Metrics show healthy service while users receive failures after a rolling restart. The behavior was reproduced in the staging environment using representative J2EE workload and application-server diagnostics.,Health check tests only the JVM process and not required application resources. The deployment sequence left stale runtime metadata on one node.,"Separate liveness from readiness and verify critical datasource/JMS dependencies in readiness. Clear runtime metadata, restart the affected subsystem, and add post-deployment smoke tests.",metrics_show_healthy_service_while_users_receive_failures;jta;j2ee,jta,J2EE runtime / WebLogic,3 hr,Low,incident occurrence rate,incomplete readiness check
JIRA-1286,Enterprise J2EE Application,Bug,P2,QA,JAX-RS,Database query latency increases after a release during peak concurrency,2026-09-04,2026-09-04,Resolved,Java EE/JAX-RS,19c,CA,Database query latency increases after a release during peak concurrency. The behavior was reproduced in the qa environment using representative J2EE workload and application-server diagnostics.,A new ORM query path prevents the database from using the expected index. A container resource limit was lower than the measured production concurrency.,"Review execution plans, add or adjust indexes, and include query-plan regression checks. Tune the resource limit from load-test evidence and add saturation alerts.",database_query_latency_increases_after_a_release;jax-rs;j2ee,jax-rs,J2EE runtime / Oracle,4 hr,Medium,incident occurrence rate,query-plan regression
JIRA-1287,Enterprise J2EE Application,Bug,P3,Development,JAX-WS,Application logs contain duplicate entries after a configuration change,2026-09-04,2026-09-04,Resolved,Java EE/JAX-WS,16,EU,Application logs contain duplicate entries after a configuration change. The behavior was reproduced in the development environment using representative J2EE workload and application-server diagnostics.,Logging is configured both at the application and container root logger. An environment override was not propagated to all cluster members.,Disable duplicate propagation and standardize logger hierarchy. Centralize the configuration source and validate effective configuration on every node.,application_logs_contain_duplicate_entries;jax-ws;j2ee,jax-ws,J2EE runtime / PostgreSQL,5 hr,Low,incident occurrence rate,duplicate logger propagation
JIRA-1288,Enterprise J2EE Application,Improvement,P4,Production,JDBC Pool,User preferences revert after refresh when a downstream service is slow,2026-09-04,2026-09-04,Resolved,Java EE/JDBC Pool,9.3,APAC,User preferences revert after refresh when a downstream service is slow. The behavior was reproduced in the production environment using representative J2EE workload and application-server diagnostics.,A background synchronization process writes an older snapshot over the current record. The synchronous integration call has no bounded timeout.,Use version checks and reject stale synchronization updates. Add connect/read/overall timeouts and a controlled fallback or circuit breaker.,user_preferences_revert_after_refresh;jdbc_pool;j2ee,jdbc-pool,J2EE runtime / IBM MQ,6 hr,Low,incident occurrence rate,stale synchronization
JIRA-1289,Enterprise J2EE Application,Bug,P1,Production,JVM,Remote EJB invocation fails for certain clients after database maintenance,2026-09-04,2026-09-04,Closed,Java EE/JVM,7.2,Global,Remote EJB invocation fails for certain clients after database maintenance. The behavior was reproduced in the production environment using representative J2EE workload and application-server diagnostics.,The remote interface changed incompatibly without coordinating the client artifact. The application reused pooled connections that were invalidated by the database.,Version the remote contract and deploy compatible client/server interfaces. Enable connection validation and stale-connection eviction.,remote_ejb_invocation_fails_for_certain_clients;jvm;j2ee,jvm,J2EE runtime / Redis,7 hr,High,incident occurrence rate,remote contract incompatibility
JIRA-1290,Enterprise J2EE Application,Bug,P3,QA,JSP,File processing reports success despite rejected records with unusually large requests,2026-09-04,2026-09-04,Resolved,Java EE/JSP,17,US,File processing reports success despite rejected records with unusually large requests. The behavior was reproduced in the qa environment using representative J2EE workload and application-server diagnostics.,The batch status is set before all record-level outcomes are committed. The request path materializes the complete payload before validation and processing.,Use explicit partial-success states and persist record-level outcomes before final status. Enforce request-size limits and stream or chunk large payloads.,file_processing_reports_success_despite_rejected_records;jsp;j2ee,jsp,J2EE runtime / JDK 17,8 hr,Low,incident occurrence rate,premature batch completion
JIRA-1291,Enterprise J2EE Application,Bug,P2,Development,CDI,API response contains inconsistent timestamps after failover,2026-09-04,2026-09-04,Resolved,Java EE/CDI,9.0,CA,API response contains inconsistent timestamps after failover. The behavior was reproduced in the development environment using representative J2EE workload and application-server diagnostics.,Timestamp conversion occurs in more than one layer and uses different timezone assumptions. Cluster ownership state was not persisted consistently between nodes.,Persist UTC and perform timezone conversion only at the presentation boundary. Use shared durable cluster state and test failover/failback scenarios.,api_response_contains_inconsistent_timestamps;cdi;j2ee,cdi,J2EE runtime / WebSphere,2 hr,Medium,incident occurrence rate,timezone inconsistency
JIRA-1292,Enterprise J2EE Application,Bug,P3,Production,JNDI,Application startup is unexpectedly slow when an exception occurs,2026-09-04,2026-09-04,Resolved,Java EE/JNDI,14,EU,Application startup is unexpectedly slow when an exception occurs. The behavior was reproduced in the production environment using representative J2EE workload and application-server diagnostics.,Component scanning or classpath discovery includes unnecessary packages. A cleanup path is skipped when an unchecked exception exits the normal processing branch.,Narrow scanning scope and remove unused libraries from the deployment archive. Use container-managed resource cleanup and add exception-path integration tests.,application_startup_is_unexpectedly_slow;jndi;j2ee,jndi,J2EE runtime / WebLogic,3 hr,Low,incident occurrence rate,excessive classpath scanning
JIRA-1293,Enterprise J2EE Application,Improvement,P4,Staging,Quartz,Error response loses the original business error code after a rolling restart,2026-09-04,2026-09-04,Closed,Java EE/Quartz,19c,APAC,Error response loses the original business error code after a rolling restart. The behavior was reproduced in the staging environment using representative J2EE workload and application-server diagnostics.,A generic exception handler replaces the domain error with a server error. The deployment sequence left stale runtime metadata on one node.,"Preserve stable business error codes through the exception-mapping layer. Clear runtime metadata, restart the affected subsystem, and add post-deployment smoke tests.",error_response_loses_the_original_business_error_code;quartz;j2ee,quartz,J2EE runtime / Oracle,4 hr,Low,incident occurrence rate,lossy exception mapping
JIRA-1294,Enterprise J2EE Application,Bug,P2,QA,REST Client,Repeated retries create duplicate business events during peak concurrency,2026-09-04,2026-09-04,Resolved,Java EE/REST Client,16,Global,Repeated retries create duplicate business events during peak concurrency. The behavior was reproduced in the qa environment using representative J2EE workload and application-server diagnostics.,The processing operation has no idempotency key or uniqueness constraint. A container resource limit was lower than the measured production concurrency.,"Add an idempotency key, enforce uniqueness in the database, and make retries safe. Tune the resource limit from load-test evidence and add saturation alerts.",repeated_retries_create_duplicate_business_events;rest_client;j2ee,rest-client,J2EE runtime / PostgreSQL,5 hr,Medium,incident occurrence rate,missing idempotency
JIRA-1295,Enterprise J2EE Application,Bug,P3,Development,Security,Metrics show healthy service while users receive failures after a configuration change,2026-09-04,2026-09-04,Resolved,Java EE/Security,9.3,US,Metrics show healthy service while users receive failures after a configuration change. The behavior was reproduced in the development environment using representative J2EE workload and application-server diagnostics.,Health check tests only the JVM process and not required application resources. An environment override was not propagated to all cluster members.,Separate liveness from readiness and verify critical datasource/JMS dependencies in readiness. Centralize the configuration source and validate effective configuration on every node.,metrics_show_healthy_service_while_users_receive_failures;security;j2ee,security,J2EE runtime / IBM MQ,6 hr,Low,incident occurrence rate,incomplete readiness check
JIRA-1296,Enterprise J2EE Application,Bug,P2,Production,Batch,Database query latency increases after a release when a downstream service is slow,2026-09-04,2026-09-04,Resolved,Java EE/Batch,7.2,CA,Database query latency increases after a release when a downstream service is slow. The behavior was reproduced in the production environment using representative J2EE workload and application-server diagnostics.,A new ORM query path prevents the database from using the expected index. The synchronous integration call has no bounded timeout.,"Review execution plans, add or adjust indexes, and include query-plan regression checks. Add connect/read/overall timeouts and a controlled fallback or circuit breaker.",database_query_latency_increases_after_a_release;batch;j2ee,batch,J2EE runtime / Redis,7 hr,Medium,incident occurrence rate,query-plan regression
JIRA-1297,Enterprise J2EE Application,Bug,P3,Staging,Deployment,Application logs contain duplicate entries after database maintenance,2026-09-04,2026-09-04,Closed,Java EE/Deployment,17,EU,Application logs contain duplicate entries after database maintenance. The behavior was reproduced in the staging environment using representative J2EE workload and application-server diagnostics.,Logging is configured both at the application and container root logger. The application reused pooled connections that were invalidated by the database.,Disable duplicate propagation and standardize logger hierarchy. Enable connection validation and stale-connection eviction.,application_logs_contain_duplicate_entries;deployment;j2ee,deployment,J2EE runtime / JDK 17,8 hr,Low,incident occurrence rate,duplicate logger propagation
JIRA-1298,Enterprise J2EE Application,Improvement,P4,QA,Logging,User preferences revert after refresh with unusually large requests,2026-09-04,2026-09-04,Resolved,Java EE/Logging,9.0,APAC,User preferences revert after refresh with unusually large requests. The behavior was reproduced in the qa environment using representative J2EE workload and application-server diagnostics.,A background synchronization process writes an older snapshot over the current record. The request path materializes the complete payload before validation and processing.,Use version checks and reject stale synchronization updates. Enforce request-size limits and stream or chunk large payloads.,user_preferences_revert_after_refresh;logging;j2ee,logging,J2EE runtime / WebSphere,2 hr,Low,incident occurrence rate,stale synchronization
JIRA-1299,Enterprise J2EE Application,Bug,P2,Development,Cache,Remote EJB invocation fails for certain clients after failover,2026-09-04,2026-09-04,Resolved,Java EE/Cache,14,Global,Remote EJB invocation fails for certain clients after failover. The behavior was reproduced in the development environment using representative J2EE workload and application-server diagnostics.,The remote interface changed incompatibly without coordinating the client artifact. Cluster ownership state was not persisted consistently between nodes.,Version the remote contract and deploy compatible client/server interfaces. Use shared durable cluster state and test failover/failback scenarios.,remote_ejb_invocation_fails_for_certain_clients;cache;j2ee,cache,J2EE runtime / WebLogic,3 hr,Medium,incident occurrence rate,remote contract incompatibility
JIRA-1300,Enterprise J2EE Application,Bug,P3,Production,Classloader,File processing reports success despite rejected records when an exception occurs,2026-09-04,2026-09-04,Resolved,Java EE/Classloader,19c,US,File processing reports success despite rejected records when an exception occurs. The behavior was reproduced in the production environment using representative J2EE workload and application-server diagnostics.,The batch status is set before all record-level outcomes are committed. A cleanup path is skipped when an unchecked exception exits the normal processing branch.,Use explicit partial-success states and persist record-level outcomes before final status. Use container-managed resource cleanup and add exception-path integration tests.,file_processing_reports_success_despite_rejected_records;classloader;j2ee,classloader,J2EE runtime / Oracle,4 hr,Low,incident occurrence rate,premature batch completion
