ticket_id,summary,component,environment,priority,status,assignee,created_date,resolved_date,symptom_category,error_code,impacted_service,issue_description,root_cause,solution,resolution_notes
APP-1001,[Billing & Payments] Duplicate charges observed for 14 users during peak checkout...,Billing & Payments,Production,P3,In Progress,sre_charlie,2026-01-30 00:00:00,,Billing & Payments,ERR-401,microservice-billing-payments,Duplicate charges observed for 14 users during peak checkout window.,Database deadlocks in transaction table due to concurrent API retry attempts without idempotency keys.,Implemented idempotency header enforcement and optimized database isolation level from Serializable to Read Committed.,Root cause identified and resolved via standard protocol. Verified in Production.
APP-1002,[Billing & Payments] Credit card processing failing with 'Gateway Timeout' status...,Billing & Payments,Production,P4,In Progress,sec_danielle,2026-01-17 00:00:00,,Billing & Payments,ERR-500,microservice-billing-payments,Credit card processing failing with 'Gateway Timeout' status code.,Stripe webhook listener crashing on malformed JSON payload from recurring subscription events.,Added robust JSON schema validation and error-handling try-catch blocks in billing webhook handler.,Root cause identified and resolved via standard protocol. Verified in Production.
APP-1003,[API Gateway] API Gateway returning 502 Bad Gateway intermittently under h...,API Gateway,Staging,P3,In Progress,qa_eve,2026-02-20 00:00:00,,API Gateway,ERR-401,microservice-api-gateway,API Gateway returning 502 Bad Gateway intermittently under high load.,Upstream worker pods exhausting file descriptors due to unclosed socket connections in gRPC client.,Fixed connection pooling in gRPC client and increased OS file descriptor limit (nofile) in Kubernetes deployment manifest.,Root cause identified and resolved via standard protocol. Verified in Staging.
APP-1004,[Search & Filtering] Search autocomplete returning stale results after new produc...,Search & Filtering,Staging,P3,Closed,qa_eve,2026-01-16 00:00:00,2026-01-16 22:00:00,Search & Filtering,NONE,microservice-search-filtering,Search autocomplete returning stale results after new product catalog ingestion.,Search index cache invalidation hook failing to trigger after nightly bulk import.,Added explicit cache flush command to the end of the nightly catalog synchronization cron job script.,Root cause identified and resolved via standard protocol. Verified in Staging.
APP-1005,[Search & Filtering] Elasticsearch cluster yellow health status due to unassigned...,Search & Filtering,UAT,P2,Closed,backend_bob,2026-02-06 00:00:00,2026-02-06 15:00:00,Search & Filtering,ERR-500,microservice-search-filtering,Elasticsearch cluster yellow health status due to unassigned replica shards.,"Node disk watermarks exceeded (95% full), preventing shard allocation.",Scaled up EBS storage volume on Elasticsearch nodes and purged outdated log indices older than 30 days.,Root cause identified and resolved via standard protocol. Verified in UAT.
APP-1006,[Search & Filtering] Search autocomplete returning stale results after new produc...,Search & Filtering,Production,P2,Closed,sre_charlie,2026-01-18 00:00:00,2026-01-20 12:00:00,Search & Filtering,ERR-413,microservice-search-filtering,Search autocomplete returning stale results after new product catalog ingestion.,Search index cache invalidation hook failing to trigger after nightly bulk import.,Added explicit cache flush command to the end of the nightly catalog synchronization cron job script.,Root cause identified and resolved via standard protocol. Verified in Production.
APP-1007,[Billing & Payments] Invoice PDF generation failing to render currency symbols co...,Billing & Payments,Development,P1,Resolved,qa_eve,2026-02-24 00:00:00,2026-02-26 00:00:00,Billing & Payments,ERR-413,microservice-billing-payments,Invoice PDF generation failing to render currency symbols correctly.,Missing TrueType fonts (DejaVuSans) in the containerized microservice base image.,Updated Dockerfile to include core-fonts package and rebuilt container image.,Root cause identified and resolved via standard protocol. Verified in Development.
APP-1008,[API Gateway] Rate limiting rules bypassing for whitelisted corporate IPs....,API Gateway,Production,P4,Resolved,frontend_frank,2026-02-03 00:00:00,2026-02-03 12:00:00,API Gateway,ERR-401,microservice-api-gateway,Rate limiting rules bypassing for whitelisted corporate IPs.,CIDR mask evaluation error in Envoy proxy Lua rate-limiting filter script.,Corrected bitwise CIDR matching logic in Lua filter and added unit tests for IP whitelist validation.,Root cause identified and resolved via standard protocol. Verified in Production.
APP-1009,[Billing & Payments] Invoice PDF generation failing to render currency symbols co...,Billing & Payments,Development,P3,Closed,sec_danielle,2026-01-26 00:00:00,2026-01-28 01:00:00,Billing & Payments,ERR-TIMEOUT,microservice-billing-payments,Invoice PDF generation failing to render currency symbols correctly.,Missing TrueType fonts (DejaVuSans) in the containerized microservice base image.,Updated Dockerfile to include core-fonts package and rebuilt container image.,Root cause identified and resolved via standard protocol. Verified in Development.
APP-1010,[API Gateway] API Gateway returning 502 Bad Gateway intermittently under h...,API Gateway,UAT,P3,In Progress,frontend_frank,2026-02-23 00:00:00,,API Gateway,NONE,microservice-api-gateway,API Gateway returning 502 Bad Gateway intermittently under high load.,Upstream worker pods exhausting file descriptors due to unclosed socket connections in gRPC client.,Fixed connection pooling in gRPC client and increased OS file descriptor limit (nofile) in Kubernetes deployment manifest.,Root cause identified and resolved via standard protocol. Verified in UAT.
APP-1011,[User Dashboard] Export to CSV button unresponsive on Safari browser....,User Dashboard,Staging,P1,Resolved,sec_danielle,2026-02-02 00:00:00,2026-02-03 06:00:00,User Dashboard,NONE,microservice-user-dashboard,Export to CSV button unresponsive on Safari browser.,Blob URL download method blocked by Safari strict security sandbox restrictions for cross-origin frames.,Replaced Blob URL download mechanism with standard base64 data-URI anchor tag fallback for Safari.,Root cause identified and resolved via standard protocol. Verified in Staging.
APP-1012,[Notification Engine] Users receiving duplicate email alerts for critical incident...,Notification Engine,Production,P4,Resolved,dev_lead_alice,2026-02-10 00:00:00,2026-02-11 12:00:00,Notification Engine,ERR-500,microservice-notification-engine,Users receiving duplicate email alerts for critical incident triggers.,Kafka consumer group offset commit failing due to rebalancing loop timeout.,Tuned Kafka consumer session.timeout.ms and max.poll.interval.ms properties to prevent false-positive rebalance loops.,Root cause identified and resolved via standard protocol. Verified in Production.
APP-1013,[API Gateway] Request payload logging leaking sensitive API authorization ...,API Gateway,UAT,P4,Resolved,frontend_frank,2026-02-10 00:00:00,2026-02-12 12:00:00,API Gateway,ERR-401,microservice-api-gateway,Request payload logging leaking sensitive API authorization tokens.,Plaintext header logging enabled in production debug interceptor.,"Configured log sanitizer to redact Authorization, Cookie, and X-API-Key headers before writing to log aggregator.",Root cause identified and resolved via standard protocol. Verified in UAT.
APP-1014,[Database Service] Replication lag exceeding 45 seconds between primary and rea...,Database Service,Staging,P2,Resolved,frontend_frank,2026-02-22 00:00:00,2026-02-24 08:00:00,Database Service,ERR-413,microservice-database-service,Replication lag exceeding 45 seconds between primary and read-replica nodes.,Heavy write throughput saturating network bandwidth and replica I/O subsystem.,Upgraded EBS volume IOPS on replica instance from 3000 to 10000 and enabled synchronous commit optimization.,Root cause identified and resolved via standard protocol. Verified in Staging.
APP-1015,[Search & Filtering] Search autocomplete returning stale results after new produc...,Search & Filtering,UAT,P2,Resolved,backend_bob,2026-01-21 00:00:00,2026-01-21 08:00:00,Search & Filtering,ERR-500,microservice-search-filtering,Search autocomplete returning stale results after new product catalog ingestion.,Search index cache invalidation hook failing to trigger after nightly bulk import.,Added explicit cache flush command to the end of the nightly catalog synchronization cron job script.,Root cause identified and resolved via standard protocol. Verified in UAT.
APP-1016,[User Dashboard] Dashboard widgets failing to load with infinite spinner....,User Dashboard,Staging,P2,In Progress,sec_danielle,2026-02-09 00:00:00,,User Dashboard,ERR-DB-LOCK,microservice-user-dashboard,Dashboard widgets failing to load with infinite spinner.,GraphQL query timeout fetching unindexed user activity logs across massive tables.,"Added composite index on (user_id, timestamp) and implemented query pagination with cursor-based fetching.",Root cause identified and resolved via standard protocol. Verified in Staging.
APP-1017,[Reporting Service] Monthly executive PDF reports timing out after 120 seconds....,Reporting Service,UAT,P2,In Progress,dev_lead_alice,2026-02-19 00:00:00,,Reporting Service,ERR-TIMEOUT,microservice-reporting-service,Monthly executive PDF reports timing out after 120 seconds.,Puppeteer headless browser instance hanging due to memory exhaustion while rendering high-res charts.,Optimized Chart.js rendering options to disable animations and increased container memory limit from 512MB to 2GB.,Root cause identified and resolved via standard protocol. Verified in UAT.
APP-1018,[Notification Engine] Push notifications failing to deliver to iOS devices after A...,Notification Engine,Production,P3,Closed,sec_danielle,2026-02-14 00:00:00,2026-02-14 02:00:00,Notification Engine,NONE,microservice-notification-engine,Push notifications failing to deliver to iOS devices after APNs certificate renewal.,Expired Apple Push Notification service .p8 auth key loaded into notification service secret store.,Rotated APNs auth key in AWS Secrets Manager and restarted notification worker pods.,Root cause identified and resolved via standard protocol. Verified in Production.
APP-1019,[Database Service] Replication lag exceeding 45 seconds between primary and rea...,Database Service,Staging,P3,In Progress,dev_lead_alice,2026-02-17 00:00:00,,Database Service,ERR-413,microservice-database-service,Replication lag exceeding 45 seconds between primary and read-replica nodes.,Heavy write throughput saturating network bandwidth and replica I/O subsystem.,Upgraded EBS volume IOPS on replica instance from 3000 to 10000 and enabled synchronous commit optimization.,Root cause identified and resolved via standard protocol. Verified in Staging.
APP-1020,[API Gateway] API Gateway returning 502 Bad Gateway intermittently under h...,API Gateway,Staging,P2,Closed,backend_bob,2026-02-23 00:00:00,2026-02-24 19:00:00,API Gateway,ERR-DB-LOCK,microservice-api-gateway,API Gateway returning 502 Bad Gateway intermittently under high load.,Upstream worker pods exhausting file descriptors due to unclosed socket connections in gRPC client.,Fixed connection pooling in gRPC client and increased OS file descriptor limit (nofile) in Kubernetes deployment manifest.,Root cause identified and resolved via standard protocol. Verified in Staging.
APP-1021,[Authentication] Password reset emails are delayed by over 30 minutes....,Authentication,Production,P3,Closed,sre_charlie,2026-01-19 00:00:00,2026-01-20 08:00:00,Authentication,ERR-413,microservice-authentication,Password reset emails are delayed by over 30 minutes.,SMTP relay queue bottleneck caused by burst traffic hitting SendGrid rate limits.,Migrated to a dedicated IP pool and implemented exponential backoff queue retry logic in notification worker.,Root cause identified and resolved via standard protocol. Verified in Production.
APP-1022,[Billing & Payments] Credit card processing failing with 'Gateway Timeout' status...,Billing & Payments,Production,P2,In Progress,sec_danielle,2026-02-19 00:00:00,,Billing & Payments,ERR-401,microservice-billing-payments,Credit card processing failing with 'Gateway Timeout' status code.,Stripe webhook listener crashing on malformed JSON payload from recurring subscription events.,Added robust JSON schema validation and error-handling try-catch blocks in billing webhook handler.,Root cause identified and resolved via standard protocol. Verified in Production.
APP-1023,[User Dashboard] Dark mode theme preference resetting to light mode on page r...,User Dashboard,Development,P2,In Progress,backend_bob,2026-02-18 00:00:00,,User Dashboard,ERR-413,microservice-user-dashboard,Dark mode theme preference resetting to light mode on page refresh.,Local storage key mismatch between legacy frontend module and modern React context provider.,Unified storage key nomenclature to 'app_theme_pref' across all frontend bundles.,Root cause identified and resolved via standard protocol. Verified in Development.
APP-1024,[Search & Filtering] Elasticsearch cluster yellow health status due to unassigned...,Search & Filtering,Staging,P3,In Progress,frontend_frank,2026-02-04 00:00:00,,Search & Filtering,ERR-DB-LOCK,microservice-search-filtering,Elasticsearch cluster yellow health status due to unassigned replica shards.,"Node disk watermarks exceeded (95% full), preventing shard allocation.",Scaled up EBS storage volume on Elasticsearch nodes and purged outdated log indices older than 30 days.,Root cause identified and resolved via standard protocol. Verified in Staging.
APP-1025,[Notification Engine] Push notifications failing to deliver to iOS devices after A...,Notification Engine,Development,P3,In Progress,sec_danielle,2026-01-31 00:00:00,,Notification Engine,ERR-401,microservice-notification-engine,Push notifications failing to deliver to iOS devices after APNs certificate renewal.,Expired Apple Push Notification service .p8 auth key loaded into notification service secret store.,Rotated APNs auth key in AWS Secrets Manager and restarted notification worker pods.,Root cause identified and resolved via standard protocol. Verified in Development.
APP-1026,[Billing & Payments] Duplicate charges observed for 14 users during peak checkout...,Billing & Payments,UAT,P3,Resolved,qa_eve,2026-02-22 00:00:00,2026-02-23 06:00:00,Billing & Payments,ERR-500,microservice-billing-payments,Duplicate charges observed for 14 users during peak checkout window.,Database deadlocks in transaction table due to concurrent API retry attempts without idempotency keys.,Implemented idempotency header enforcement and optimized database isolation level from Serializable to Read Committed.,Root cause identified and resolved via standard protocol. Verified in UAT.
APP-1027,[Billing & Payments] Credit card processing failing with 'Gateway Timeout' status...,Billing & Payments,Production,P2,Resolved,dev_lead_alice,2026-02-06 00:00:00,2026-02-06 11:00:00,Billing & Payments,ERR-413,microservice-billing-payments,Credit card processing failing with 'Gateway Timeout' status code.,Stripe webhook listener crashing on malformed JSON payload from recurring subscription events.,Added robust JSON schema validation and error-handling try-catch blocks in billing webhook handler.,Root cause identified and resolved via standard protocol. Verified in Production.
APP-1028,[API Gateway] Rate limiting rules bypassing for whitelisted corporate IPs....,API Gateway,UAT,P3,In Progress,sec_danielle,2026-02-19 00:00:00,,API Gateway,ERR-401,microservice-api-gateway,Rate limiting rules bypassing for whitelisted corporate IPs.,CIDR mask evaluation error in Envoy proxy Lua rate-limiting filter script.,Corrected bitwise CIDR matching logic in Lua filter and added unit tests for IP whitelist validation.,Root cause identified and resolved via standard protocol. Verified in UAT.
APP-1029,[Reporting Service] Monthly executive PDF reports timing out after 120 seconds....,Reporting Service,Staging,P3,Closed,sec_danielle,2026-01-22 00:00:00,2026-01-22 14:00:00,Reporting Service,NONE,microservice-reporting-service,Monthly executive PDF reports timing out after 120 seconds.,Puppeteer headless browser instance hanging due to memory exhaustion while rendering high-res charts.,Optimized Chart.js rendering options to disable animations and increased container memory limit from 512MB to 2GB.,Root cause identified and resolved via standard protocol. Verified in Staging.
APP-1030,[Search & Filtering] Search autocomplete returning stale results after new produc...,Search & Filtering,UAT,P1,Closed,sec_danielle,2026-01-19 00:00:00,2026-01-19 14:00:00,Search & Filtering,ERR-500,microservice-search-filtering,Search autocomplete returning stale results after new product catalog ingestion.,Search index cache invalidation hook failing to trigger after nightly bulk import.,Added explicit cache flush command to the end of the nightly catalog synchronization cron job script.,Root cause identified and resolved via standard protocol. Verified in UAT.
APP-1031,[Search & Filtering] Elasticsearch cluster yellow health status due to unassigned...,Search & Filtering,UAT,P3,Resolved,backend_bob,2026-01-28 00:00:00,2026-01-30 22:00:00,Search & Filtering,ERR-DB-LOCK,microservice-search-filtering,Elasticsearch cluster yellow health status due to unassigned replica shards.,"Node disk watermarks exceeded (95% full), preventing shard allocation.",Scaled up EBS storage volume on Elasticsearch nodes and purged outdated log indices older than 30 days.,Root cause identified and resolved via standard protocol. Verified in UAT.
APP-1032,[User Dashboard] Export to CSV button unresponsive on Safari browser....,User Dashboard,Development,P2,Resolved,sre_charlie,2026-01-31 00:00:00,2026-01-31 11:00:00,User Dashboard,ERR-DB-LOCK,microservice-user-dashboard,Export to CSV button unresponsive on Safari browser.,Blob URL download method blocked by Safari strict security sandbox restrictions for cross-origin frames.,Replaced Blob URL download mechanism with standard base64 data-URI anchor tag fallback for Safari.,Root cause identified and resolved via standard protocol. Verified in Development.
APP-1033,[Billing & Payments] Credit card processing failing with 'Gateway Timeout' status...,Billing & Payments,Production,P1,In Progress,qa_eve,2026-01-21 00:00:00,,Billing & Payments,ERR-401,microservice-billing-payments,Credit card processing failing with 'Gateway Timeout' status code.,Stripe webhook listener crashing on malformed JSON payload from recurring subscription events.,Added robust JSON schema validation and error-handling try-catch blocks in billing webhook handler.,Root cause identified and resolved via standard protocol. Verified in Production.
APP-1034,[User Dashboard] User avatar image uploads failing with 413 Payload Too Large...,User Dashboard,Development,P4,Closed,sec_danielle,2026-02-10 00:00:00,2026-02-10 09:00:00,User Dashboard,ERR-401,microservice-user-dashboard,User avatar image uploads failing with 413 Payload Too Large.,"Nginx client_max_body_size set to 1MB, blocking high-res profile pictures.",Increased Nginx client_max_body_size to 10M and added client-side image compression in React frontend.,Root cause identified and resolved via standard protocol. Verified in Development.
APP-1035,[Search & Filtering] Search autocomplete returning stale results after new produc...,Search & Filtering,Production,P4,Closed,sre_charlie,2026-02-03 00:00:00,2026-02-05 08:00:00,Search & Filtering,NONE,microservice-search-filtering,Search autocomplete returning stale results after new product catalog ingestion.,Search index cache invalidation hook failing to trigger after nightly bulk import.,Added explicit cache flush command to the end of the nightly catalog synchronization cron job script.,Root cause identified and resolved via standard protocol. Verified in Production.
APP-1036,[Reporting Service] Monthly executive PDF reports timing out after 120 seconds....,Reporting Service,Staging,P4,Resolved,sre_charlie,2026-01-19 00:00:00,2026-01-21 23:00:00,Reporting Service,ERR-500,microservice-reporting-service,Monthly executive PDF reports timing out after 120 seconds.,Puppeteer headless browser instance hanging due to memory exhaustion while rendering high-res charts.,Optimized Chart.js rendering options to disable animations and increased container memory limit from 512MB to 2GB.,Root cause identified and resolved via standard protocol. Verified in Staging.
APP-1037,[Notification Engine] Users receiving duplicate email alerts for critical incident...,Notification Engine,Production,P2,Resolved,qa_eve,2026-02-17 00:00:00,2026-02-19 21:00:00,Notification Engine,ERR-401,microservice-notification-engine,Users receiving duplicate email alerts for critical incident triggers.,Kafka consumer group offset commit failing due to rebalancing loop timeout.,Tuned Kafka consumer session.timeout.ms and max.poll.interval.ms properties to prevent false-positive rebalance loops.,Root cause identified and resolved via standard protocol. Verified in Production.
APP-1038,[Authentication] Users experiencing 500 error when logging in via OAuth2 Goog...,Authentication,Production,P1,Resolved,dev_lead_alice,2026-01-31 00:00:00,2026-02-02 05:00:00,Authentication,ERR-500,microservice-authentication,Users experiencing 500 error when logging in via OAuth2 Google provider.,OAuth token endpoint timeout due to misconfigured upstream pool timeout in Redis session store.,Increased Redis connection pool size and adjusted timeout threshold from 2s to 5s in API gateway configuration.,Root cause identified and resolved via standard protocol. Verified in Production.
APP-1039,[API Gateway] Request payload logging leaking sensitive API authorization ...,API Gateway,Production,P3,In Progress,dev_lead_alice,2026-02-22 00:00:00,,API Gateway,ERR-413,microservice-api-gateway,Request payload logging leaking sensitive API authorization tokens.,Plaintext header logging enabled in production debug interceptor.,"Configured log sanitizer to redact Authorization, Cookie, and X-API-Key headers before writing to log aggregator.",Root cause identified and resolved via standard protocol. Verified in Production.
APP-1040,[Notification Engine] Webhook payloads failing delivery to third-party subscriber ...,Notification Engine,UAT,P3,Resolved,frontend_frank,2026-02-05 00:00:00,2026-02-06 08:00:00,Notification Engine,ERR-TIMEOUT,microservice-notification-engine,Webhook payloads failing delivery to third-party subscriber endpoints.,DNS resolution failure within container resolver when target endpoint uses internal private domains.,Configured custom upstream DNS resolver in Kubernetes CoreDNS configmap for outbound webhook traffic.,Root cause identified and resolved via standard protocol. Verified in UAT.
APP-1041,[Search & Filtering] Search autocomplete returning stale results after new produc...,Search & Filtering,Staging,P2,In Progress,frontend_frank,2026-02-14 00:00:00,,Search & Filtering,ERR-TIMEOUT,microservice-search-filtering,Search autocomplete returning stale results after new product catalog ingestion.,Search index cache invalidation hook failing to trigger after nightly bulk import.,Added explicit cache flush command to the end of the nightly catalog synchronization cron job script.,Root cause identified and resolved via standard protocol. Verified in Staging.
APP-1042,[Billing & Payments] Credit card processing failing with 'Gateway Timeout' status...,Billing & Payments,Production,P3,Closed,qa_eve,2026-01-20 00:00:00,2026-01-22 22:00:00,Billing & Payments,ERR-401,microservice-billing-payments,Credit card processing failing with 'Gateway Timeout' status code.,Stripe webhook listener crashing on malformed JSON payload from recurring subscription events.,Added robust JSON schema validation and error-handling try-catch blocks in billing webhook handler.,Root cause identified and resolved via standard protocol. Verified in Production.
APP-1043,[Database Service] Database connection pool exhaustion causing service-wide out...,Database Service,Staging,P1,Closed,dev_lead_alice,2026-02-08 00:00:00,2026-02-09 14:00:00,Database Service,ERR-401,microservice-database-service,Database connection pool exhaustion causing service-wide outage.,Application instances failing to release connections back to pool upon encountering unhandled database exceptions.,Implemented automatic connection release in finally blocks across all database repository interfaces.,Root cause identified and resolved via standard protocol. Verified in Staging.
APP-1044,[Reporting Service] Monthly executive PDF reports timing out after 120 seconds....,Reporting Service,UAT,P4,In Progress,frontend_frank,2026-02-20 00:00:00,,Reporting Service,ERR-TIMEOUT,microservice-reporting-service,Monthly executive PDF reports timing out after 120 seconds.,Puppeteer headless browser instance hanging due to memory exhaustion while rendering high-res charts.,Optimized Chart.js rendering options to disable animations and increased container memory limit from 512MB to 2GB.,Root cause identified and resolved via standard protocol. Verified in UAT.
APP-1045,[Billing & Payments] Credit card processing failing with 'Gateway Timeout' status...,Billing & Payments,Staging,P2,Closed,dev_lead_alice,2026-02-20 00:00:00,2026-02-20 21:00:00,Billing & Payments,ERR-TIMEOUT,microservice-billing-payments,Credit card processing failing with 'Gateway Timeout' status code.,Stripe webhook listener crashing on malformed JSON payload from recurring subscription events.,Added robust JSON schema validation and error-handling try-catch blocks in billing webhook handler.,Root cause identified and resolved via standard protocol. Verified in Staging.
APP-1046,[Database Service] Database connection pool exhaustion causing service-wide out...,Database Service,Staging,P3,In Progress,sre_charlie,2026-02-01 00:00:00,,Database Service,ERR-413,microservice-database-service,Database connection pool exhaustion causing service-wide outage.,Application instances failing to release connections back to pool upon encountering unhandled database exceptions.,Implemented automatic connection release in finally blocks across all database repository interfaces.,Root cause identified and resolved via standard protocol. Verified in Staging.
APP-1047,[Reporting Service] Exported Excel spreadsheet showing numerical values stored a...,Reporting Service,UAT,P2,Resolved,dev_lead_alice,2026-02-02 00:00:00,2026-02-02 07:00:00,Reporting Service,ERR-500,microservice-reporting-service,Exported Excel spreadsheet showing numerical values stored as text strings.,Pandas dataframe export missing explicit dtype specification for financial columns.,Explicitly cast financial columns to float64 before exporting to Excel workbook generator.,Root cause identified and resolved via standard protocol. Verified in UAT.
APP-1048,[Notification Engine] Push notifications failing to deliver to iOS devices after A...,Notification Engine,Staging,P3,In Progress,sre_charlie,2026-02-13 00:00:00,,Notification Engine,ERR-413,microservice-notification-engine,Push notifications failing to deliver to iOS devices after APNs certificate renewal.,Expired Apple Push Notification service .p8 auth key loaded into notification service secret store.,Rotated APNs auth key in AWS Secrets Manager and restarted notification worker pods.,Root cause identified and resolved via standard protocol. Verified in Staging.
APP-1049,[Search & Filtering] Elasticsearch cluster yellow health status due to unassigned...,Search & Filtering,Production,P3,Resolved,dev_lead_alice,2026-02-19 00:00:00,2026-02-19 06:00:00,Search & Filtering,ERR-TIMEOUT,microservice-search-filtering,Elasticsearch cluster yellow health status due to unassigned replica shards.,"Node disk watermarks exceeded (95% full), preventing shard allocation.",Scaled up EBS storage volume on Elasticsearch nodes and purged outdated log indices older than 30 days.,Root cause identified and resolved via standard protocol. Verified in Production.
APP-1050,[User Dashboard] Dark mode theme preference resetting to light mode on page r...,User Dashboard,Development,P2,Resolved,dev_lead_alice,2026-02-08 00:00:00,2026-02-08 07:00:00,User Dashboard,ERR-TIMEOUT,microservice-user-dashboard,Dark mode theme preference resetting to light mode on page refresh.,Local storage key mismatch between legacy frontend module and modern React context provider.,Unified storage key nomenclature to 'app_theme_pref' across all frontend bundles.,Root cause identified and resolved via standard protocol. Verified in Development.
